Workbook

Sheet Materials
A1: Material code | B1: Description | C1: Collection | D1: Supplier | E1: Supplier code | F1: Category | G1: Composition | H1: Weight | I1: Width / skin size | J1: Price | K1: Currency | L1: Price unit | M1: MOQ | N1: Lead time (wks) | O1: Country of origin | P1: Certification | Q1: Status | R1: Created by | S1: Created on | T1: Last modified | U1: Comments | V1: Colours ordered (calc)
A2: FAB-26W-1001 | B2: Double-face wool cloth | C2: FW26 | D2: Lanificio Ardesia | E2: SUP-0112 | F2: Wool | G2: 90% WV 10% WS | H2: 556 g/m² | I2: 150 cm | J2: 86.5 | K2: EUR | L2: €/m | M2: 300 | N2: 3 | O2: Italy | P2: No certification | Q2: On hold | R2: L. Martín | S2: 45978 | T2: 46047 | U2: Supplier capacity issue | V2: =COUNTIFS(Colours!$A$2:$A$742,$A2,Colours!$D$2:$D$742,"Ordered") -> 0
A3: FAB-26W-1005 | B3: Waxed cotton | C3: FW26 | D3: Kōzan Weaving | E3: SUP-0311 | F3: Technical | G3: 100% PA | H3: 163 g/m² | I3: 145 cm | J3: 42.1 | K3: EUR | L3: €/m | M3: 20 | N3: 11 | O3: Japan | P3: GRS | Q3: Approved | R3: V. Roux | S3: 45993 | T3: 46071 | V3: =COUNTIFS(Colours!$A$2:$A$742,$A3,Colours!$D$2:$D$742,"Ordered") -> 1
A4: FAB-26W-1010 | B4: Cotton poplin | C4: FW26 | D4: Tessitura Morano | E4: SUP-0147 | F4: Cotton | G4: 100% CO (organic) | H4: 389 g/m² | I4: 145 cm | J4: 12.39 | K4: EUR | L4: €/m | M4: 300 | N4: 14 | P4: GOTS | Q4: Approved | R4: C. Ibáñez | S4: 45994 | T4: 46105 | U4: Exclusive to Loewe | V4: =COUNTIFS(Colours!$A$2:$A$742,$A4,Colours!$D$2:$D$742,"Ordered") -> 1
A5: FAB-26W-1012 | B5: Silk satin | C5: FW26 | D5: Soieries Bellecour | E5: SUP-0174 | F5: Silk | G5: 100% SE | H5: 139 g/m² | I5: 145 cm | J5: 103.15 | K5: EUR | L5: €/m | M5: 100 | N5: 6 | O5: France | P5: No certification | Q5: In development | R5: C. Ibáñez | S5: 45974 | T5: 46110 | V5: =COUNTIFS(Colours!$A$2:$A$742,$A5,Colours!$D$2:$D$742,"Ordered") -> 1
A6: FAB-26W-1019 | B6: Washed linen | C6: FW26 | D6: Linificio Brianza | E6: SUP-0126 | F6: Linen | G6: 100% LI | H6: 234 g/m² | I6: 145 cm | J6: 15.41 | K6: EUR | L6: €/m | M6: 50 | N6: 6 | O6: Italy | P6: European Flax | Q6: In development | R6: C. Ibáñez | S6: 45972 | T6: 46097 | V6: =COUNTIFS(Colours!$A$2:$A$742,$A6,Colours!$D$2:$D$742,"Ordered") -> 2
A7: FAB-26W-1024 | B7: Cotton poplin | C7: FW26 | D7: Tessitura Morano | E7: SUP-0147 | F7: Cotton | G7: 98% CO 2% EA | H7: 110 g/m² | I7: 145 cm | J7: 30.92 | K7: EUR | L7: €/m | M7: 50 | N7: 7 | O7: Italy | P7: No certification | Q7: On hold | R7: A. Costa | S7: 45977 | T7: 46012 | U7: Waiting for lab dip | V7: =COUNTIFS(Colours!$A$2:$A$742,$A7,Colours!$D$2:$D$742,"Ordered") -> 2
A8: LEA-26W-1029 | B8: Glazed calfskin | C8: FW26 | D8: Curtidos Valle del Ubrique | E8: SUP-0021 | F8: Leather | G8: 100% lamb leather | H8: 0.7 mm | I8: 6-7 sqft | J8: 7.62 | K8: EUR | L8: €/sqft | M8: 500 | N8: 12 | O8: Spain | P8: LWG Gold | Q8: In development | R8: L. Martín | S8: 45989 | T8: 46052 | V8: =COUNTIFS(Colours!$A$2:$A$742,$A8,Colours!$D$2:$D$742,"Ordered") -> 1
A9: FAB-26W-1031 | B9: Double-face wool cloth | C9: FW26 | D9: Lanificio Ardesia | E9: SUP-0112 | F9: Wool | G9: 80% WV 20% PA | H9: 284 g/m² | I9: 148 cm | K9: EUR | L9: €/m | M9: 100 | N9: 13 | O9: Italy | Q9: Approved | R9: A. Costa | S9: 46020 | T9: 46152 | V9: =COUNTIFS(Colours!$A$2:$A$742,$A9,Colours!$D$2:$D$742,"Ordered") -> 1
A10: FAB-26W-1037 | B10: Viscose jersey | C10: FW26 | D10: Lanificio Ardesia | E10: SUP-0112 | F10: Jersey | G10: 95% CV 5% EA | H10: 255 g/m² | I10: 160 cm | J10: 56.8 | K10: EUR | L10: €/m | M10: 150 | O10: Italy | P10: RWS | Q10: On hold | R10: A. Costa | S10: 46011 | T10: 46130 | U10: Supplier capacity issue | V10: =COUNTIFS(Colours!$A$2:$A$742,$A10,Colours!$D$2:$D$742,"Ordered") -> 3
A11: FAB-26W-1038 | B11: Linen canvas | C11: FW26 | D11: Linificio Brianza | E11: SUP-0126 | F11: Linen | G11: 55% LI 45% CO | H11: 218 g/m² | I11: 145 cm | J11: 32.39 | K11: EUR | L11: €/m | M11: 300 | N11: 5 | O11: Italy | P11: No certification | Q11: Approved | R11: C. Ibáñez | S11: 46003 | T11: 46072 | V11: =COUNTIFS(Colours!$A$2:$A$742,$A11,Colours!$D$2:$D$742,"Ordered") -> 2
A12: LEA-26W-1040 | B12: Suede goatskin | C12: FW26 | D12: Conceria Valdarno | E12: SUP-0058 | F12: Leather | G12: 100% lamb leather | H12: 0.6 mm | I12: 5-6 sqft | J12: 9.97 | K12: EUR | L12: €/sqft | M12: 500 | N12: 9 | O12: Italy | P12: LWG Gold | Q12: In development | R12: V. Roux | S12: 46020 | T12: 46078 | U12: Exclusive to Loewe | V12: =COUNTIFS(Colours!$A$2:$A$742,$A12,Colours!$D$2:$D$742,"Ordered") -> 3
A13: LEA-26W-1044 | B13: Shearling lamb | C13: FW26 | D13: Pieles del Guadalete | E13: SUP-0039 | F13: Leather | G13: 100% lamb shearling | H13: 1.4 mm | I13: 7-9 sqft | J13: 10.81 | K13: EUR | L13: €/sqft | M13: 500 | N13: 3 | O13: Spain | Q13: In development | R13: V. Roux | S13: 46017 | T13: 46034 | V13: =COUNTIFS(Colours!$A$2:$A$742,$A13,Colours!$D$2:$D$742,"Ordered") -> 2
A14: LEA-26W-1045 | B14: Shearling lamb | C14: FW26 | D14: Pieles del Guadalete | E14: SUP-0039 | F14: Leather | G14: 100% lamb leather | H14: 1.3 mm | I14: 18-22 sqft | J14: 14.23 | K14: EUR | L14: €/sqft | M14: n/a | N14: 7 | O14: Spain | P14: LWG Gold | Q14: In development | R14: A. Costa | S14: 46018 | T14: 46106 | V14: =COUNTIFS(Colours!$A$2:$A$742,$A14,Colours!$D$2:$D$742,"Ordered") -> 2
A15: LEA-26W-1046 | B15: Calf box leather | C15: FW26 | D15: Pieles del Guadalete | E15: SUP-0039 | F15: Leather | G15: 100% goat leather | H15: 0.7 mm | I15: 5-6 sqft | J15: n/a | K15: EUR | L15: €/sqft | M15: 300 | N15: 9 | O15: Spain | P15: LWG Silver | Q15: Approved | R15: C. Ibáñez | S15: 46006 | T15: 46088 | U15: Strike-off approved | V15: =COUNTIFS(Colours!$A$2:$A$742,$A15,Colours!$D$2:$D$742,"Ordered") -> 0
A16: FAB-26W-1051 | B16: Wool melton | C16: FW26 | D16: Lanificio Ardesia | E16: SUP-0112 | F16: Wool | G16: 70% WV 30% WM | H16: 363 g/m² | I16: 152 cm | J16: 93.24 | K16: EUR | L16: €/m | M16: 50 | N16: 10 | O16: Italy | P16: No certification | Q16: Approved | R16: C. Ibáñez | S16: 45973 | T16: 46066 | U16: Top-up possible from FW25 leftovers | V16: =COUNTIFS(Colours!$A$2:$A$742,$A16,Colours!$D$2:$D$742,"Ordered") -> 0
A17: LEA-26W-1053 | B17: Nappa lambskin | C17: FW26 | D17: Curtidos Valle del Ubrique | E17: SUP-0021 | F17: Leather | G17: 100% lamb leather | H17: 1.1 mm | I17: 7-9 sqft | J17: 13.24 | K17: EUR | L17: €/sqft | M17: 500 | O17: Spain | P17: LWG Gold | Q17: In development | R17: A. Costa | S17: 46020 | T17: 46056 | V17: =COUNTIFS(Colours!$A$2:$A$742,$A17,Colours!$D$2:$D$742,"Ordered") -> 3
A18: FAB-26W-1057 | B18: Double-face wool cloth | C18: FW26 | D18: Lanificio Ardesia | E18: SUP-0112 | F18: Wool | G18: 100% WV | H18: 482 g/m² | K18: EUR | L18: €/m | M18: 150 | N18: 4 | O18: Italy | P18: RWS | Q18: In development | R18: C. Ibáñez | S18: 45997 | T18: 46026 | V18: =COUNTIFS(Colours!$A$2:$A$742,$A18,Colours!$D$2:$D$742,"Ordered") -> 2
A19: LEA-26W-1061 | B19: Shearling lamb | C19: FW26 | D19: Curtidos Valle del Ubrique | E19: SUP-0021 | F19: Leather | G19: 100% lamb leather | H19: 0.8 mm | I19: 6-7 sqft | J19: 15.91 | K19: EUR | L19: €/sqft | M19: 300 | N19: 10 | O19: Spain | P19: LWG Silver | Q19: Approved | R19: M. Duval | S19: 45984 | T19: 46083 | V19: =COUNTIFS(Colours!$A$2:$A$742,$A19,Colours!$D$2:$D$742,"Ordered") -> 2
A20: LEA-26W-1063 | B20: Nappa lambskin | C20: FW26 | D20: Curtidos Valle del Ubrique | E20: SUP-0021 | F20: Leather | G20: 100% calf leather | H20: 1.3 mm | I20: 7-9 sqft | J20: 13.89 | K20: EUR | L20: €/sqft | M20: 200 | N20: 4 | O20: Spain | P20: LWG Gold | Q20: In development | R20: C. Ibáñez | S20: 46019 | T20: 46153 | V20: =COUNTIFS(Colours!$A$2:$A$742,$A20,Colours!$D$2:$D$742,"Ordered") -> 1
A21: FAB-26W-1064 | B21: Merino rib | C21: FW26 | D21: Lanificio Ardesia | E21: SUP-0112 | F21: Jersey | G21: 92% SE 8% EA | H21: 184 g/m² | I21: 170 cm | J21: 34.85 | K21: EUR | L21: €/m | M21: 150 | N21: 3 | O21: Italy | P21: OEKO-TEX | Q21: Approved | R21: M. Duval | S21: 45998 | T21: 46084 | V21: =COUNTIFS(Colours!$A$2:$A$742,$A21,Colours!$D$2:$D$742,"Ordered") -> 3
A22: FAB-26W-1067 | B22: Cotton canvas | C22: FW26 | D22: Hilaturas Ebro | E22: SUP-0203 | F22: Cotton | G22: 98% CO 2% EA | H22: 209 g/m² | I22: 145 cm | J22: 33.12 | K22: EUR | L22: €/m | M22: 150 | N22: 14 | O22: Spain | P22: OEKO-TEX | Q22: On hold | R22: V. Roux | S22: 46016 | T22: 46051 | U22: Price to renegotiate | V22: =COUNTIFS(Colours!$A$2:$A$742,$A22,Colours!$D$2:$D$742,"Ordered") -> 3
A23: FAB-26W-1069 | B23: Cotton poplin | C23: FW26 | D23: Hilaturas Ebro | E23: SUP-0203 | F23: Cotton | G23: 100% CO | I23: 145 cm | K23: EUR | L23: €/m | M23: 100 | N23: 14 | O23: Spain | P23: No certification | Q23: In development | R23: M. Duval | S23: 45973 | T23: 46034 | V23: =COUNTIFS(Colours!$A$2:$A$742,$A23,Colours!$D$2:$D$742,"Ordered") -> 1
A24: LEA-26W-1075 | B24: Grained calfskin | C24: FW26 | D24: Pieles del Guadalete | E24: SUP-0039 | F24: Leather | G24: 100% lamb shearling | H24: 0.7 mm | I24: 5-6 sqft | J24: 10.66 | K24: EUR | L24: €/sqft | M24: 200 | N24: 14 | O24: Spain | Q24: On hold | R24: L. Martín | S24: 45975 | T24: 46103 | U24: Price to renegotiate | V24: =COUNTIFS(Colours!$A$2:$A$742,$A24,Colours!$D$2:$D$742,"Ordered") -> 1
A25: FAB-26W-1081 | B25: Merino rib | C25: FW26 | D25: Lanificio Ardesia | E25: SUP-0112 | F25: Jersey | G25: 100% CO | J25: 43.56 | K25: EUR | L25: €/m | M25: 20 | N25: 9 | O25: Italy | Q25: Approved | R25: M. Duval | S25: 45966 | T25: 46093 | V25: =COUNTIFS(Colours!$A$2:$A$742,$A25,Colours!$D$2:$D$742,"Ordered") -> 2
A26: LEA-26W-1082 | B26: Glazed calfskin | C26: FW26 | D26: Conceria Valdarno | E26: SUP-0058 | F26: Leather | G26: 100% lamb shearling | H26: 1.0 mm | J26: 9.55 | K26: EUR | L26: €/sqft | M26: 300 | N26: 14 | O26: Italy | P26: LWG Gold | Q26: In development | R26: V. Roux | S26: 46010 | T26: 46110 | V26: =COUNTIFS(Colours!$A$2:$A$742,$A26,Colours!$D$2:$D$742,"Ordered") -> 3
A27: LEA-26W-1089 | B27: Suede goatskin | C27: FW26 | D27: Conceria Valdarno | E27: SUP-0058 | F27: Leather | G27: 100% goat leather | H27: 0.8 mm | I27: 7-9 sqft | J27: 15.49 | K27: EUR | L27: €/sqft | M27: 500 | N27: 10 | O27: Italy | P27: LWG Gold | Q27: On hold | R27: L. Martín | S27: 46023 | T27: 46099 | U27: Supplier capacity issue | V27: =COUNTIFS(Colours!$A$2:$A$742,$A27,Colours!$D$2:$D$742,"Ordered") -> 1
A28: FAB-26W-1092 | B28: Organic cotton twill | C28: FW26 | D28: Kōzan Weaving | E28: SUP-0311 | F28: Cotton | G28: 98% CO 2% EA | H28: 297 g/m² | I28: 150 cm | J28: 27.8 | K28: EUR | L28: €/m | M28: 20 | N28: 13 | O28: Japan | P28: GOTS | Q28: On hold | R28: V. Roux | S28: 46011 | T28: 46048 | U28: Price to renegotiate | V28: =COUNTIFS(Colours!$A$2:$A$742,$A28,Colours!$D$2:$D$742,"Ordered") -> 1
A29: YRN-26W-1097 | B29: Mohair bouclé yarn | C29: FW26 | D29: Maglificio Orobico | E29: SUP-0188 | F29: Knit yarn | G29: 100% WO merino | H29: 9 Nm | I29: Cone (yarn) | J29: 66.52 | K29: EUR | L29: €/kg | M29: 150 | N29: n/a | O29: Italy | P29: No certification | Q29: Approved | R29: A. Costa | S29: 46016 | T29: 46092 | V29: =COUNTIFS(Colours!$A$2:$A$742,$A29,Colours!$D$2:$D$742,"Ordered") -> 3
A30: LEA-26W-1103 | B30: Shearling lamb | C30: FW26 | D30: Pieles del Guadalete | E30: SUP-0039 | F30: Leather | G30: 100% goat leather | H30: 1.3 mm | I30: 6-7 sqft | J30: 7.94 | K30: EUR | L30: €/sqft | M30: 300 | N30: 3 | O30: Spain | Q30: Approved | R30: L. Martín | S30: 45992 | T30: 46032 | V30: =COUNTIFS(Colours!$A$2:$A$742,$A30,Colours!$D$2:$D$742,"Ordered") -> 2
A31: FAB-26W-1110 | B31: Wool melton | C31: FW26 | D31: Lanificio Ardesia | E31: SUP-0112 | F31: Wool | G31: 100% WV | H31: 354 g/m² | I31: 152 cm | J31: 62.8 | K31: EUR | L31: €/m | M31: 300 | N31: 12 | O31: Italy | P31: RWS | Q31: Approved | R31: L. Martín | S31: 45987 | T31: 46035 | V31: =COUNTIFS(Colours!$A$2:$A$742,$A31,Colours!$D$2:$D$742,"Ordered") -> 3
A32: FAB-26W-1114 | B32: Wool melton | C32: FW26 | D32: Lanificio Ardesia | E32: SUP-0112 | F32: Wool | G32: 80% WV 20% PA | H32: 496 g/m² | I32: 148 cm | J32: 46.58 | K32: EUR | L32: €/m | M32: 150 | N32: 12 | O32: Italy | P32: RWS | Q32: Approved | R32: A. Costa | S32: 45972 | T32: 46050 | V32: =COUNTIFS(Colours!$A$2:$A$742,$A32,Colours!$D$2:$D$742,"Ordered") -> 0
A33: FAB-26W-1121 | B33: Silk satin | C33: FW26 | D33: Soieries Bellecour | E33: SUP-0174 | F33: Silk | G33: 70% CV 30% SE | H33: 104 g/m² | I33: 145 cm | J33: 92.57 | K33: EUR | L33: €/m | M33: 300 | N33: 4 | P33: No certification | Q33: On hold | R33: A. Costa | S33: 45968 | T33: 46018 | V33: =COUNTIFS(Colours!$A$2:$A$742,$A33,Colours!$D$2:$D$742,"Ordered") -> 3
A34: LEA-26W-1128 | B34: Calf box leather | C34: FW26 | D34: Pieles del Guadalete | E34: SUP-0039 | F34: Leather | G34: 100% goat leather | H34: 1.1 mm | I34: 5-6 sqft | J34: 6.29 | K34: EUR | L34: €/sqft | N34: n/a | O34: Spain | P34: LWG Gold | Q34: Approved | R34: A. Costa | S34: 45999 | T34: 46005 | V34: =COUNTIFS(Colours!$A$2:$A$742,$A34,Colours!$D$2:$D$742,"Ordered") -> 2
A35: FAB-26W-1133 | B35: Cashmere jersey | C35: FW26 | D35: Hilaturas Ebro | E35: SUP-0203 | F35: Jersey | G35: 95% CV 5% EA | H35: 267 g/m² | I35: 160 cm | J35: 77.6 | K35: EUR | L35: €/m | M35: 20 | O35: Spain | P35: No certification | Q35: On hold | R35: V. Roux | S35: 46023 | T35: 46031 | U35: Supplier capacity issue | V35: =COUNTIFS(Colours!$A$2:$A$742,$A35,Colours!$D$2:$D$742,"Ordered") -> 0
A36: LEA-26W-1137 | B36: Grained calfskin | C36: FW26 | D36: Curtidos Valle del Ubrique | E36: SUP-0021 | F36: Leather | G36: 100% lamb leather | H36: 0.7 mm | I36: 5-6 sqft | J36: 9.19 | K36: EUR | L36: €/sqft | M36: 300 | N36: 9 | O36: Spain | P36: LWG Gold | Q36: Approved | R36: C. Ibáñez | S36: 45983 | T36: 46054 | V36: =COUNTIFS(Colours!$A$2:$A$742,$A36,Colours!$D$2:$D$742,"Ordered") -> 5
A37: LEA-26W-1139 | B37: Calf box leather | C37: FW26 | D37: Pieles del Guadalete | E37: SUP-0039 | F37: Leather | G37: 100% calf leather | H37: 1.3 mm | I37: 18-22 sqft | J37: 11.4 | K37: EUR | L37: €/sqft | N37: 6 | O37: Spain | P37: LWG Gold | Q37: Approved | R37: A. Costa | S37: 45969 | T37: 46051 | V37: =COUNTIFS(Colours!$A$2:$A$742,$A37,Colours!$D$2:$D$742,"Ordered") -> 4
A38: FAB-26W-1143 | B38: Merino rib | C38: FW26 | D38: Lanificio Ardesia | E38: SUP-0112 | F38: Jersey | G38: 100% CO | H38: 176 g/m² | I38: 160 cm | K38: EUR | L38: €/m | M38: 150 | N38: 5 | O38: Italy | P38: RWS | Q38: On hold | R38: L. Martín | S38: 45966 | T38: 46081 | U38: Waiting for lab dip | V38: =COUNTIFS(Colours!$A$2:$A$742,$A38,Colours!$D$2:$D$742,"Ordered") -> 2
A39: FAB-26W-1145 | B39: Silk crêpe de chine | C39: FW26 | D39: Tessitura Morano | E39: SUP-0147 | F39: Silk | G39: 100% SE | H39: 115 g/m² | I39: 140 cm | J39: 103.41 | K39: EUR | L39: €/m | M39: 100 | N39: 8 | O39: Italy | P39: No certification | Q39: Approved | R39: M. Duval | S39: 45986 | T39: 46081 | V39: =COUNTIFS(Colours!$A$2:$A$742,$A39,Colours!$D$2:$D$742,"Ordered") -> 1
A40: YRN-26W-1149 | B40: Mohair bouclé yarn | C40: FW26 | D40: Maglificio Orobico | E40: SUP-0188 | F40: Knit yarn | G40: 100% CO | H40: 28 Nm | I40: Cone (yarn) | J40: 178.03 | K40: EUR | L40: €/kg | M40: 20 | N40: 5 | P40: GOTS | Q40: In development | R40: L. Martín | S40: 45986 | T40: 46073 | V40: =COUNTIFS(Colours!$A$2:$A$742,$A40,Colours!$D$2:$D$742,"Ordered") -> 3
A41: FAB-26W-1153 | B41: Linen canvas | C41: FW26 | D41: Linificio Brianza | E41: SUP-0126 | F41: Linen | G41: 55% LI 45% CO | H41: 352 g/m² | I41: 145 cm | J41: 13.74 | K41: EUR | L41: €/m | M41: 150 | N41: 14 | O41: Italy | P41: European Flax | Q41: Approved | R41: C. Ibáñez | S41: 45964 | T41: 46104 | V41: =COUNTIFS(Colours!$A$2:$A$742,$A41,Colours!$D$2:$D$742,"Ordered") -> 3
A42: FAB-26W-1159 | B42: Cotton interlock | C42: FW26 | D42: Hilaturas Ebro | E42: SUP-0203 | F42: Jersey | G42: 92% SE 8% EA | H42: 148 g/m² | I42: 180 cm | J42: 77.08 | K42: EUR | L42: €/m | M42: 300 | N42: 7 | O42: Spain | P42: No certification | Q42: In development | R42: M. Duval | S42: 45979 | T42: 46106 | V42: =COUNTIFS(Colours!$A$2:$A$742,$A42,Colours!$D$2:$D$742,"Ordered") -> 4
A43: LEA-26W-1161 | B43: Grained calfskin | C43: FW26 | D43: Curtidos Valle del Ubrique | E43: SUP-0021 | F43: Leather | G43: 100% lamb shearling | H43: 1.1 mm | I43: 7-9 sqft | J43: 11.81 | K43: EUR | L43: €/sqft | M43: 300 | N43: 5 | O43: Spain | P43: LWG Silver | Q43: On hold | R43: V. Roux | S43: 46024 | T43: 46161 | U43: Replaced by alternative | V43: =COUNTIFS(Colours!$A$2:$A$742,$A43,Colours!$D$2:$D$742,"Ordered") -> 2
A44: YRN-26W-1165 | B44: Mohair bouclé yarn | C44: FW26 | D44: Maglificio Orobico | E44: SUP-0188 | F44: Knit yarn | G44: 100% WS | H44: 28 Nm | I44: Cone (yarn) | J44: 143.03 | K44: EUR | L44: €/kg | M44: 50 | N44: 5 | O44: Italy | P44: No certification | Q44: Approved | R44: A. Costa | S44: 46005 | T44: 46057 | V44: =COUNTIFS(Colours!$A$2:$A$742,$A44,Colours!$D$2:$D$742,"Ordered") -> 1
A45: FAB-26W-1166 | B45: Cotton seersucker | C45: FW26 | D45: Tessitura Morano | E45: SUP-0147 | F45: Cotton | G45: 98% CO 2% EA | H45: 227 g/m² | J45: 37.69 | K45: EUR | L45: €/m | M45: 100 | N45: 12 | O45: Italy | P45: OEKO-TEX | Q45: On hold | R45: L. Martín | S45: 45990 | T45: 46000 | U45: Supplier capacity issue | V45: =COUNTIFS(Colours!$A$2:$A$742,$A45,Colours!$D$2:$D$742,"Ordered") -> 1
A46: FAB-26W-1173 | B46: Cotton seersucker | C46: FW26 | D46: Hilaturas Ebro | E46: SUP-0203 | F46: Cotton | G46: 100% CO | H46: 260 g/m² | I46: 140 cm | K46: EUR | L46: €/m | M46: 50 | N46: 5 | O46: Spain | P46: No certification | Q46: In development | R46: C. Ibáñez | S46: 45993 | T46: 46095 | V46: =COUNTIFS(Colours!$A$2:$A$742,$A46,Colours!$D$2:$D$742,"Ordered") -> 4
A47: FAB-26W-1176 | B47: Coated cotton | C47: FW26 | D47: Soieries Bellecour | E47: SUP-0174 | F47: Technical | G47: 100% PES (recycled) | H47: 343 g/m² | I47: 145 cm | J47: 12.13 | K47: EUR | L47: €/m | M47: 50 | N47: 6 | O47: France | P47: No certification | Q47: Approved | R47: M. Duval | S47: 46019 | T47: 46103 | V47: =COUNTIFS(Colours!$A$2:$A$742,$A47,Colours!$D$2:$D$742,"Ordered") -> 0
A48: FAB-26W-1183 | B48: Cotton seersucker | C48: FW26 | D48: Hilaturas Ebro | E48: SUP-0203 | F48: Cotton | G48: 100% CO (organic) | H48: 416 g/m² | J48: TBD | K48: EUR | L48: €/m | M48: 150 | N48: 4 | O48: Spain | P48: GOTS | Q48: Approved | R48: M. Duval | S48: 46002 | T48: 46023 | V48: =COUNTIFS(Colours!$A$2:$A$742,$A48,Colours!$D$2:$D$742,"Ordered") -> 2
A49: FAB-26W-1184 | B49: Washed linen | C49: FW26 | D49: Linificio Brianza | E49: SUP-0126 | F49: Linen | G49: 100% LI | H49: 232 g/m² | I49: 150 cm | J49: 25.14 | K49: EUR | L49: €/m | M49: 300 | N49: 3 | O49: Italy | P49: No certification | Q49: Approved | R49: C. Ibáñez | S49: 46003 | T49: 46065 | V49: =COUNTIFS(Colours!$A$2:$A$742,$A49,Colours!$D$2:$D$742,"Ordered") -> 2
A50: FAB-26W-1186 | B50: Washed linen | C50: FW26 | D50: Linificio Brianza | E50: SUP-0126 | F50: Linen | G50: 100% LI | H50: 215 g/m² | I50: 140 cm | J50: 18.9 | K50: EUR | L50: €/m | M50: 50 | N50: 3 | O50: Italy | P50: No certification | Q50: On hold | R50: M. Duval | S50: 45988 | T50: 46051 | V50: =COUNTIFS(Colours!$A$2:$A$742,$A50,Colours!$D$2:$D$742,"Ordered") -> 1
A51: LEA-26W-1187 | B51: Grained calfskin | C51: FW26 | D51: Curtidos Valle del Ubrique | E51: SUP-0021 | F51: Leather | G51: 100% lamb leather | H51: 0.8 mm | I51: 6-7 sqft | J51: 11.94 | K51: EUR | L51: €/sqft | M51: 500 | N51: 5 | O51: Spain | P51: LWG Gold | Q51: Approved | R51: V. Roux | S51: 46003 | T51: 46139 | V51: =COUNTIFS(Colours!$A$2:$A$742,$A51,Colours!$D$2:$D$742,"Ordered") -> 3
A52: LEA-26W-1188 | B52: Calf box leather | C52: FW26 | D52: Curtidos Valle del Ubrique | E52: SUP-0021 | F52: Leather | G52: 100% lamb shearling | H52: 1.0 mm | I52: 18-22 sqft | J52: 11.52 | K52: EUR | L52: €/sqft | M52: 500 | N52: 11 | O52: Spain | P52: LWG Silver | Q52: Approved | R52: L. Martín | S52: 45983 | T52: 45997 | V52: =COUNTIFS(Colours!$A$2:$A$742,$A52,Colours!$D$2:$D$742,"Ordered") -> 4
A53: FAB-26W-1190 | B53: Merino rib | C53: FW26 | D53: Lanificio Ardesia | E53: SUP-0112 | F53: Jersey | G53: 100% WS | H53: 151 g/m² | I53: 160 cm | J53: 61.77 | K53: EUR | L53: €/m | M53: 300 | N53: 4 | O53: Italy | Q53: Approved | R53: C. Ibáñez | S53: 45995 | T53: 46054 | U53: Strike-off approved | V53: =COUNTIFS(Colours!$A$2:$A$742,$A53,Colours!$D$2:$D$742,"Ordered") -> 0
A54: FAB-26W-1191 | B54: Cotton interlock | C54: FW26 | D54: Hilaturas Ebro | E54: SUP-0203 | F54: Jersey | G54: 100% CO | H54: 302 g/m² | I54: 180 cm | K54: EUR | L54: €/m | M54: 100 | N54: 9 | O54: Spain | P54: No certification | Q54: Approved | R54: M. Duval | S54: 45981 | T54: 46022 | V54: =COUNTIFS(Colours!$A$2:$A$742,$A54,Colours!$D$2:$D$742,"Ordered") -> 1
A55: FAB-26W-1192 | B55: Boiled wool | C55: FW26 | D55: Hilaturas Ebro | E55: SUP-0203 | F55: Wool | G55: 100% WV | H55: 409 g/m² | I55: 152 cm | J55: 37.59 | K55: EUR | L55: €/m | M55: 100 | N55: 3 | O55: Spain | Q55: In development | R55: A. Costa | S55: 45976 | T55: 45987 | V55: =COUNTIFS(Colours!$A$2:$A$742,$A55,Colours!$D$2:$D$742,"Ordered") -> 2
A56: LEA-26W-1196 | B56: Suede goatskin | C56: FW26 | D56: Pieles del Guadalete | E56: SUP-0039 | F56: Leather | G56: 100% goat leather | H56: 1.2 mm | I56: 18-22 sqft | J56: 12.75 | K56: EUR | L56: €/sqft | M56: 200 | N56: 6 | O56: Spain | P56: LWG Gold | Q56: On hold | R56: V. Roux | S56: 46013 | T56: 46144 | U56: Price to renegotiate | V56: =COUNTIFS(Colours!$A$2:$A$742,$A56,Colours!$D$2:$D$742,"Ordered") -> 5
A57: FAB-26W-1199 | B57: Bonded neoprene | C57: FW26 | D57: Kōzan Weaving | E57: SUP-0311 | F57: Technical | H57: 268 g/m² | I57: 140 cm | J57: 14.38 | K57: EUR | L57: €/m | M57: 100 | N57: 12 | O57: Japan | P57: GRS | Q57: Approved | R57: C. Ibáñez | S57: 45982 | T57: 46075 | V57: =COUNTIFS(Colours!$A$2:$A$742,$A57,Colours!$D$2:$D$742,"Ordered") -> 2
A58: FAB-26W-1204 | B58: Linen-cotton slub | C58: FW26 | D58: Linificio Brianza | E58: SUP-0126 | F58: Linen | G58: 55% LI 45% CO | H58: 314 g/m² | I58: 145 cm | K58: EUR | L58: €/m | M58: 150 | N58: 5 | O58: Italy | P58: No certification | Q58: In development | R58: L. Martín | S58: 45986 | T58: 46121 | V58: =COUNTIFS(Colours!$A$2:$A$742,$A58,Colours!$D$2:$D$742,"Ordered") -> 2
A59: FAB-26W-1205 | B59: Cotton seersucker | C59: FW26 | D59: Hilaturas Ebro | E59: SUP-0203 | F59: Cotton | I59: 145 cm | K59: EUR | L59: €/m | M59: 100 | O59: Spain | Q59: Approved | R59: L. Martín | S59: 45996 | T59: 46124 | V59: =COUNTIFS(Colours!$A$2:$A$742,$A59,Colours!$D$2:$D$742,"Ordered") -> 1
A60: FAB-26W-1206 | B60: Wool flannel | C60: FW26 | D60: Lanificio Ardesia | E60: SUP-0112 | F60: Wool | G60: 70% WV 30% WM | H60: 490 g/m² | I60: 152 cm | J60: 53.71 | K60: EUR | L60: €/m | M60: 150 | O60: Italy | P60: RWS | Q60: In development | R60: L. Martín | S60: 45993 | T60: 46033 | V60: =COUNTIFS(Colours!$A$2:$A$742,$A60,Colours!$D$2:$D$742,"Ordered") -> 1
A61: FAB-26W-1207 | B61: Cotton drill | C61: FW26 | D61: Kōzan Weaving | E61: SUP-0311 | F61: Cotton | G61: 100% CO (organic) | H61: 160 g/m² | I61: 148 cm | J61: 25.11 | K61: EUR | L61: €/m | M61: 100 | N61: 13 | O61: Japan | P61: OEKO-TEX | Q61: Approved | R61: L. Martín | S61: 46010 | T61: 46141 | V61: =COUNTIFS(Colours!$A$2:$A$742,$A61,Colours!$D$2:$D$742,"Ordered") -> 1
A62: FAB-26W-1209 | B62: Wool gabardine | C62: FW26 | D62: Lanificio Ardesia | E62: SUP-0112 | F62: Wool | G62: 80% WV 20% PA | H62: 609 g/m² | I62: 150 cm | J62: 34.69 | K62: EUR | L62: €/m | M62: 50 | N62: 13 | O62: Italy | P62: RWS | Q62: On hold | R62: A. Costa | S62: 45998 | T62: 46043 | U62: Price to renegotiate | V62: =COUNTIFS(Colours!$A$2:$A$742,$A62,Colours!$D$2:$D$742,"Ordered") -> 5
A63: LEA-26W-1211 | B63: Grained calfskin | C63: FW26 | D63: Curtidos Valle del Ubrique | E63: SUP-0021 | F63: Leather | G63: 100% lamb shearling | H63: 1.3 mm | I63: 5-6 sqft | J63: 15.34 | K63: EUR | L63: €/sqft | M63: 200 | N63: 7 | O63: Spain | P63: LWG Silver | Q63: On hold | R63: V. Roux | S63: 46003 | T63: 46136 | U63: Price to renegotiate | V63: =COUNTIFS(Colours!$A$2:$A$742,$A63,Colours!$D$2:$D$742,"Ordered") -> 3
A64: FAB-26W-1218 | B64: Recycled poly ripstop | C64: FW26 | D64: Kōzan Weaving | E64: SUP-0311 | F64: Technical | G64: 100% PA | H64: 311 g/m² | I64: 140 cm | J64: 20.64 | K64: EUR | L64: €/m | M64: 50 | O64: Japan | P64: GRS | Q64: In development | R64: A. Costa | S64: 45999 | T64: 46068 | V64: =COUNTIFS(Colours!$A$2:$A$742,$A64,Colours!$D$2:$D$742,"Ordered") -> 1
A65: FAB-26W-1220 | B65: Washed linen | C65: FW26 | D65: Linificio Brianza | E65: SUP-0126 | F65: Linen | G65: 55% LI 45% CO | H65: 338 g/m² | I65: 150 cm | J65: 31.87 | K65: EUR | L65: €/m | M65: 50 | N65: 10 | O65: Italy | P65: European Flax | Q65: In development | R65: A. Costa | S65: 46014 | T65: 46139 | V65: =COUNTIFS(Colours!$A$2:$A$742,$A65,Colours!$D$2:$D$742,"Ordered") -> 5
A66: FAB-26W-1223 | B66: Bonded neoprene | C66: FW26 | D66: Soieries Bellecour | E66: SUP-0174 | F66: Technical | G66: 62% CO 38% PU | H66: 118 g/m² | J66: 18.84 | K66: EUR | L66: €/m | M66: 100 | N66: 8 | O66: France | P66: No certification | Q66: Approved | R66: A. Costa | S66: 46012 | T66: 46031 | V66: =COUNTIFS(Colours!$A$2:$A$742,$A66,Colours!$D$2:$D$742,"Ordered") -> 2
A67: FAB-26W-1224 | B67: Wool gabardine | C67: FW26 | D67: Lanificio Ardesia | E67: SUP-0112 | F67: Wool | G67: 70% WV 30% WM | H67: 517 g/m² | I67: 148 cm | J67: 38.22 | K67: EUR | L67: €/m | M67: 20 | N67: 5 | O67: Italy | P67: RWS | Q67: Approved | R67: A. Costa | S67: 45970 | T67: 46067 | V67: =COUNTIFS(Colours!$A$2:$A$742,$A67,Colours!$D$2:$D$742,"Ordered") -> 1
A68: LEA-26W-1228 | B68: Calf box leather | C68: FW26 | D68: Conceria Valdarno | E68: SUP-0058 | F68: Leather | G68: 100% calf leather | H68: 1.4 mm | I68: 18-22 sqft | J68: 14.33 | K68: EUR | L68: €/sqft | M68: 500 | N68: 6 | O68: Italy | P68: LWG Silver | Q68: On hold | R68: M. Duval | S68: 45998 | T68: 46027 | U68: Replaced by alternative | V68: =COUNTIFS(Colours!$A$2:$A$742,$A68,Colours!$D$2:$D$742,"Ordered") -> 4
A69: FAB-26W-1233 | B69: Viscose jersey | C69: FW26 | D69: Lanificio Ardesia | E69: SUP-0112 | F69: Jersey | G69: 100% CO | H69: 299 g/m² | I69: 170 cm | J69: 64.33 | K69: EUR | L69: €/m | M69: 300 | N69: 6 | O69: Italy | P69: No certification | Q69: On hold | R69: L. Martín | S69: 45974 | T69: 46100 | V69: =COUNTIFS(Colours!$A$2:$A$742,$A69,Colours!$D$2:$D$742,"Ordered") -> 3
A70: FAB-26W-1240 | B70: Waxed cotton | C70: FW26 | D70: Soieries Bellecour | E70: SUP-0174 | F70: Technical | G70: 62% CO 38% PU | H70: 257 g/m² | I70: 150 cm | J70: 38.85 | K70: EUR | L70: €/m | M70: 20 | N70: 11 | O70: France | P70: GRS | Q70: Approved | R70: A. Costa | S70: 45989 | T70: 45997 | V70: =COUNTIFS(Colours!$A$2:$A$742,$A70,Colours!$D$2:$D$742,"Ordered") -> 4
A71: LEA-26W-1245 | B71: Glazed calfskin | C71: FW26 | D71: Pieles del Guadalete | E71: SUP-0039 | F71: Leather | G71: 100% goat leather | I71: 7-9 sqft | J71: 7.04 | K71: EUR | L71: €/sqft | N71: 8 | O71: Spain | P71: LWG Gold | Q71: Approved | R71: L. Martín | S71: 45990 | T71: 46076 | V71: =COUNTIFS(Colours!$A$2:$A$742,$A71,Colours!$D$2:$D$742,"Ordered") -> 1
A72: LEA-27P-1252 | B72: Glazed calfskin | C72: Pre-SS27 | D72: Conceria Valdarno | E72: SUP-0058 | F72: Leather | G72: 100% calf leather | H72: 0.6 mm | I72: 7-9 sqft | J72: 14.05 | K72: EUR | L72: €/sqft | M72: 200 | N72: 14 | O72: Italy | P72: LWG Gold | Q72: Approved | R72: A. Costa | S72: 46105 | T72: 46200 | U72: Exclusive to Loewe | V72: =COUNTIFS(Colours!$A$2:$A$742,$A72,Colours!$D$2:$D$742,"Ordered") -> 6
A73: YRN-27P-1259 | B73: Mohair bouclé yarn | C73: Pre-SS27 | D73: Maglificio Orobico | E73: SUP-0188 | F73: Knit yarn | G73: 100% WO merino | H73: 14 Nm | I73: Cone (yarn) | J73: 81.85 | K73: EUR | L73: €/kg | M73: 50 | N73: 9 | O73: Italy | P73: RWS | Q73: In development | R73: C. Ibáñez | S73: 46136 | T73: 46244 | V73: =COUNTIFS(Colours!$A$2:$A$742,$A73,Colours!$D$2:$D$742,"Ordered") -> 0
A74: FAB-27P-1262 | B74: Waxed cotton | C74: Pre-SS27 | D74: Kōzan Weaving | E74: SUP-0311 | F74: Technical | G74: 100% PES (recycled) | I74: 140 cm | J74: n/a | K74: EUR | L74: €/m | M74: 150 | N74: 13 | O74: Japan | Q74: Approved | R74: L. Martín | S74: 46125 | T74: 46244 | V74: =COUNTIFS(Colours!$A$2:$A$742,$A74,Colours!$D$2:$D$742,"Ordered") -> 0
A75: FAB-27P-1264 | B75: Linen-cotton slub | C75: Pre-SS27 | D75: Linificio Brianza | E75: SUP-0126 | F75: Linen | G75: 100% LI | H75: 173 g/m² | I75: 145 cm | J75: 31.83 | K75: EUR | L75: €/m | M75: 100 | N75: 7 | O75: Italy | P75: European Flax | Q75: Approved | R75: C. Ibáñez | S75: 46104 | T75: 46244 | V75: =COUNTIFS(Colours!$A$2:$A$742,$A75,Colours!$D$2:$D$742,"Ordered") -> 1
A76: FAB-27P-1268 | B76: Silk crêpe de chine | C76: Pre-SS27 | D76: Tessitura Morano | E76: SUP-0147 | F76: Silk | G76: 100% SE | H76: 72 g/m² | I76: 140 cm | K76: EUR | L76: €/m | M76: 150 | N76: TBD | O76: Italy | P76: No certification | Q76: Approved | R76: C. Ibáñez | S76: 46129 | T76: 46193 | V76: =COUNTIFS(Colours!$A$2:$A$742,$A76,Colours!$D$2:$D$742,"Ordered") -> 0
A77: LEA-27P-1269 | B77: Suede goatskin | C77: Pre-SS27 | D77: Conceria Valdarno | E77: SUP-0058 | F77: Leather | G77: 100% goat leather | H77: 1.4 mm | I77: 6-7 sqft | K77: EUR | L77: €/sqft | M77: 300 | N77: 9 | O77: Italy | P77: LWG Silver | Q77: Approved | R77: L. Martín | S77: 46148 | T77: 46220 | V77: =COUNTIFS(Colours!$A$2:$A$742,$A77,Colours!$D$2:$D$742,"Ordered") -> 4
A78: FAB-27P-1274 | B78: Cotton seersucker | C78: Pre-SS27 | D78: Tessitura Morano | E78: SUP-0147 | F78: Cotton | G78: 100% CO (organic) | H78: 346 g/m² | I78: 148 cm | J78: 26.37 | K78: EUR | L78: €/m | M78: 150 | O78: Italy | P78: OEKO-TEX | Q78: In development | R78: C. Ibáñez | S78: 46090 | T78: 46114 | V78: =COUNTIFS(Colours!$A$2:$A$742,$A78,Colours!$D$2:$D$742,"Ordered") -> 1
A79: FAB-27P-1275 | C79: Pre-SS27 | D79: Tessitura Morano | E79: SUP-0147 | F79: Silk | G79: 100% SE | H79: 125 g/m² | I79: 140 cm | J79: 57.47 | K79: EUR | L79: €/m | M79: 150 | O79: Italy | P79: OEKO-TEX | Q79: On hold | R79: C. Ibáñez | S79: 46121 | T79: 46191 | U79: Supplier capacity issue | V79: =COUNTIFS(Colours!$A$2:$A$742,$A79,Colours!$D$2:$D$742,"Ordered") -> 1
A80: LEA-27P-1282 | B80: Suede goatskin | C80: Pre-SS27 | D80: Conceria Valdarno | E80: SUP-0058 | F80: Leather | G80: 100% goat leather | H80: 0.9 mm | I80: 18-22 sqft | J80: 13.3 | K80: EUR | L80: €/sqft | M80: 200 | N80: 11 | O80: Italy | P80: LWG Silver | Q80: Approved | R80: M. Duval | S80: 46146 | T80: 46182 | V80: =COUNTIFS(Colours!$A$2:$A$742,$A80,Colours!$D$2:$D$742,"Ordered") -> 2
A81: LEA-27P-1289 | B81: Glazed calfskin | C81: Pre-SS27 | D81: Curtidos Valle del Ubrique | E81: SUP-0021 | F81: Leather | G81: 100% lamb shearling | H81: 0.6 mm | I81: 7-9 sqft | J81: 5.54 | K81: EUR | M81: 200 | N81: 10 | O81: Spain | P81: LWG Gold | Q81: Approved | R81: M. Duval | S81: 46133 | T81: 46209 | V81: =COUNTIFS(Colours!$A$2:$A$742,$A81,Colours!$D$2:$D$742,"Ordered") -> 2
A82: FAB-27P-1290 | B82: Cotton seersucker | C82: Pre-SS27 | D82: Tessitura Morano | E82: SUP-0147 | F82: Cotton | G82: 100% CO (organic) | H82: 416 g/m² | I82: 145 cm | J82: 21.05 | K82: EUR | L82: €/m | M82: TBD | N82: 6 | O82: Italy | P82: OEKO-TEX | Q82: Approved | R82: V. Roux | S82: 46098 | T82: 46114 | V82: =COUNTIFS(Colours!$A$2:$A$742,$A82,Colours!$D$2:$D$742,"Ordered") -> 1
A83: FAB-27P-1291 | B83: Cotton poplin | C83: Pre-SS27 | D83: Tessitura Morano | E83: SUP-0147 | F83: Cotton | G83: 100% CO (organic) | H83: 158 g/m² | I83: 148 cm | J83: 10 | K83: EUR | L83: €/m | M83: 100 | N83: 14 | O83: Italy | P83: No certification | Q83: Approved | R83: L. Martín | S83: 46117 | T83: 46133 | V83: =COUNTIFS(Colours!$A$2:$A$742,$A83,Colours!$D$2:$D$742,"Ordered") -> 1
A84: FAB-27P-1293 | B84: Washed denim 13 oz | C84: Pre-SS27 | D84: Kōzan Weaving | E84: SUP-0311 | F84: Cotton | G84: 100% CO (organic) | H84: 240 g/m² | I84: 150 cm | J84: 35.82 | K84: EUR | L84: €/m | M84: 300 | N84: 7 | Q84: In development | R84: A. Costa | S84: 46107 | T84: 46149 | V84: =COUNTIFS(Colours!$A$2:$A$742,$A84,Colours!$D$2:$D$742,"Ordered") -> 2
A85: FAB-27P-1297 | B85: Washed linen | C85: Pre-SS27 | D85: Linificio Brianza | E85: SUP-0126 | F85: Linen | G85: 100% LI | H85: 328 g/m² | I85: 150 cm | J85: 20.93 | K85: EUR | L85: €/m | M85: 50 | N85: 14 | O85: Italy | P85: European Flax | Q85: Approved | R85: M. Duval | S85: 46141 | T85: 46218 | V85: =COUNTIFS(Colours!$A$2:$A$742,$A85,Colours!$D$2:$D$742,"Ordered") -> 3
A86: FAB-27P-1304 | B86: Recycled poly ripstop | C86: Pre-SS27 | D86: Kōzan Weaving | E86: SUP-0311 | F86: Technical | G86: 62% CO 38% PU | H86: 319 g/m² | I86: 140 cm | J86: 25.03 | K86: EUR | L86: €/m | M86: 300 | N86: 12 | O86: Japan | P86: bluesign | Q86: In development | R86: C. Ibáñez | S86: 46115 | T86: 46206 | V86: =COUNTIFS(Colours!$A$2:$A$742,$A86,Colours!$D$2:$D$742,"Ordered") -> 3
A87: YRN-27P-1308 | B87: Merino 2/48 | C87: Pre-SS27 | D87: Maglificio Orobico | E87: SUP-0188 | F87: Knit yarn | G87: 72% WM 22% PA 6% WO | H87: 14 Nm | I87: Cone (yarn) | J87: 97.62 | K87: EUR | L87: €/kg | M87: 50 | N87: 7 | O87: Italy | Q87: On hold | R87: A. Costa | S87: 46098 | T87: 46113 | U87: Waiting for lab dip | V87: =COUNTIFS(Colours!$A$2:$A$742,$A87,Colours!$D$2:$D$742,"Ordered") -> 1
A88: YRN-27P-1315 | B88: Mohair bouclé yarn | C88: Pre-SS27 | D88: Maglificio Orobico | E88: SUP-0188 | F88: Knit yarn | G88: 100% WS | H88: 14 Nm | I88: Cone (yarn) | J88: 75.89 | K88: EUR | L88: €/kg | M88: 100 | N88: n/a | O88: Italy | P88: No certification | Q88: Approved | R88: C. Ibáñez | S88: 46100 | T88: 46140 | V88: =COUNTIFS(Colours!$A$2:$A$742,$A88,Colours!$D$2:$D$742,"Ordered") -> 1
A89: FAB-27P-1318 | B89: Wool melton | C89: Pre-SS27 | D89: Hilaturas Ebro | E89: SUP-0203 | F89: Wool | G89: 90% WV 10% WS | I89: 150 cm | J89: TBD | K89: EUR | L89: €/m | O89: Spain | Q89: Approved | R89: A. Costa | S89: 46135 | T89: 46236 | V89: =COUNTIFS(Colours!$A$2:$A$742,$A89,Colours!$D$2:$D$742,"Ordered") -> 1
A90: LEA-27P-1325 | B90: Grained calfskin | C90: Pre-SS27 | D90: Conceria Valdarno | E90: SUP-0058 | F90: Leather | G90: 100% goat leather | H90: 1.1 mm | I90: 5-6 sqft | J90: 5.84 | K90: EUR | L90: €/sqft | M90: 300 | N90: 10 | O90: Italy | P90: LWG Gold | Q90: On hold | R90: M. Duval | S90: 46136 | T90: 46268 | U90: Check shrinkage | V90: =COUNTIFS(Colours!$A$2:$A$742,$A90,Colours!$D$2:$D$742,"Ordered") -> 3
A91: FAB-27P-1330 | B91: Linen canvas | C91: Pre-SS27 | D91: Linificio Brianza | E91: SUP-0126 | F91: Linen | G91: 55% LI 45% CO | H91: 183 g/m² | I91: 150 cm | K91: EUR | L91: €/m | M91: 20 | N91: 6 | O91: Italy | P91: No certification | Q91: Approved | R91: M. Duval | S91: 46108 | T91: 46137 | V91: =COUNTIFS(Colours!$A$2:$A$742,$A91,Colours!$D$2:$D$742,"Ordered") -> 3
A92: FAB-27P-1334 | B92: Silk jersey | C92: Pre-SS27 | D92: Lanificio Ardesia | E92: SUP-0112 | F92: Jersey | G92: 95% CV 5% EA | H92: 148 g/m² | I92: 180 cm | J92: 18.01 | K92: EUR | L92: €/m | M92: 50 | N92: 10 | O92: Italy | P92: RWS | Q92: Approved | R92: L. Martín | S92: 46093 | T92: 46156 | V92: =COUNTIFS(Colours!$A$2:$A$742,$A92,Colours!$D$2:$D$742,"Ordered") -> 3
A93: FAB-27P-1335 | B93: Waxed cotton | C93: Pre-SS27 | D93: Soieries Bellecour | E93: SUP-0174 | F93: Technical | G93: 100% PA | H93: 322 g/m² | K93: EUR | L93: €/m | M93: 100 | N93: 7 | P93: No certification | Q93: Approved | R93: C. Ibáñez | S93: 46149 | T93: 46158 | V93: =COUNTIFS(Colours!$A$2:$A$742,$A93,Colours!$D$2:$D$742,"Ordered") -> 3
A94: FAB-27P-1337 | B94: Viscose jersey | C94: Pre-SS27 | D94: Hilaturas Ebro | E94: SUP-0203 | F94: Jersey | G94: 92% SE 8% EA | I94: 180 cm | K94: EUR | M94: 100 | N94: 6 | O94: Spain | Q94: Approved | R94: L. Martín | S94: 46111 | T94: 46145 | U94: Exclusive to Loewe | V94: =COUNTIFS(Colours!$A$2:$A$742,$A94,Colours!$D$2:$D$742,"Ordered") -> 1
A95: FAB-27P-1344 | B95: Wool gabardine | C95: Pre-SS27 | D95: Lanificio Ardesia | E95: SUP-0112 | F95: Wool | G95: 90% WV 10% WS | H95: 437 g/m² | I95: 148 cm | J95: 36.17 | K95: EUR | L95: €/m | M95: 20 | N95: 11 | O95: Italy | Q95: Approved | R95: M. Duval | S95: 46121 | T95: 46188 | V95: =COUNTIFS(Colours!$A$2:$A$742,$A95,Colours!$D$2:$D$742,"Ordered") -> 1
A96: FAB-27P-1350 | B96: Cotton drill | C96: Pre-SS27 | D96: Hilaturas Ebro | E96: SUP-0203 | F96: Cotton | G96: 100% CO | H96: 251 g/m² | I96: 150 cm | J96: 36.75 | K96: EUR | L96: €/m | O96: Spain | P96: GOTS | Q96: Approved | R96: L. Martín | S96: 46114 | T96: 46157 | V96: =COUNTIFS(Colours!$A$2:$A$742,$A96,Colours!$D$2:$D$742,"Ordered") -> 5
A97: FAB-27P-1354 | B97: Recycled poly ripstop | C97: Pre-SS27 | D97: Kōzan Weaving | E97: SUP-0311 | F97: Technical | G97: 100% PES (recycled) | H97: 314 g/m² | I97: 150 cm | J97: 12.65 | K97: EUR | L97: €/m | M97: 100 | O97: Japan | P97: GRS | Q97: Approved | R97: A. Costa | S97: 46113 | T97: 46185 | V97: =COUNTIFS(Colours!$A$2:$A$742,$A97,Colours!$D$2:$D$742,"Ordered") -> 4
A98: YRN-27P-1359 | B98: Merino 2/48 | C98: Pre-SS27 | D98: Maglificio Orobico | E98: SUP-0188 | F98: Knit yarn | G98: 100% WS | H98: 28 Nm | I98: Cone (yarn) | J98: 154.53 | K98: EUR | L98: €/kg | M98: 20 | N98: 9 | O98: Italy | P98: RWS | Q98: Approved | R98: C. Ibáñez | S98: 46132 | T98: 46232 | V98: =COUNTIFS(Colours!$A$2:$A$742,$A98,Colours!$D$2:$D$742,"Ordered") -> 4
A99: LEA-27P-1364 | B99: Calf box leather | C99: Pre-SS27 | D99: Conceria Valdarno | E99: SUP-0058 | F99: Leather | G99: 100% calf leather | H99: 1.1 mm | I99: 5-6 sqft | J99: 14.38 | K99: EUR | L99: €/sqft | M99: 300 | N99: n/a | O99: Italy | P99: LWG Gold | Q99: On hold | R99: M. Duval | S99: 46110 | T99: 46129 | U99: Price to renegotiate | V99: =COUNTIFS(Colours!$A$2:$A$742,$A99,Colours!$D$2:$D$742,"Ordered") -> 3
A100: LEA-27P-1369 | B100: Suede goatskin | C100: Pre-SS27 | D100: Pieles del Guadalete | E100: SUP-0039 | F100: Leather | G100: 100% calf leather | H100: 0.6 mm | I100: 7-9 sqft | J100: n/a | K100: EUR | L100: €/sqft | N100: 5 | O100: Spain | P100: LWG Silver | Q100: Approved | R100: V. Roux | S100: 46105 | T100: 46117 | V100: =COUNTIFS(Colours!$A$2:$A$742,$A100,Colours!$D$2:$D$742,"Ordered") -> 3
...

Sheet Colours
A1: Material code | B1: Colour code | C1: Colour name | D1: Colour status | E1: Qty ordered | F1: Unit | G1: Order date
A2: FAB-26W-1001 | B2: 1001-CHC | C2: Chocolate | D2: Cancelled | F2: m
A3: FAB-26W-1005 | B3: 1005-CHC | C3: Chocolate | D3: Ordered | E3: 55 | F3: m | G3: 46009
A4: FAB-26W-1010 | B4: 1010-ECR | C4: Ecru | D4: Ordered | E4: 35 | F4: m | G4: 46055
A5: FAB-26W-1012 | B5: 1012-WHT | C5: Optic white | D5: Ordered | E5: 95 | F5: m | G5: 46003
A6: FAB-26W-1012 | B6: 1012-ECR | C6: Ecru | D6: Lab dip | F6: m
A7: FAB-26W-1019 | B7: 1019-GRY | C7: Grey melange | D7: Ordered | E7: 25 | F7: m | G7: 46026
A8: FAB-26W-1019 | B8: 1019-CHK | C8: Chalk | D8: Ordered | E8: 180 | F8: m | G8: 46015
A9: FAB-26W-1024 | B9: 1024-BRD | C9: Burgundy | D9: Ordered | E9: 120 | F9: m | G9: 46003
A10: FAB-26W-1024 | B10: 1024-GRY | C10: Grey melange | D10: Cancelled | F10: m
A11: FAB-26W-1024 | B11: 1024-SKY | C11: Sky blue | D11: Ordered | E11: 50 | F11: m | G11: 46026
A12: LEA-26W-1029 | B12: 1029-GRN | C12: Bottle green | D12: Ordered | E12: 90 | F12: sqft | G12: 46037
A13: FAB-26W-1031 | B13: 1031-WHT | C13: Optic white | D13: Cancelled | F13: m
A14: FAB-26W-1031 | B14: 1031-YLW | C14: Butter yellow | D14: Ordered | E14: 70 | F14: m | G14: 46073
A15: FAB-26W-1037 | B15: 1037-GRY | C15: Grey melange | D15: Lab dip | F15: m
A16: FAB-26W-1037 | B16: 1037-CML | C16: Camel | D16: Ordered | E16: 95 | F16: m | G16: 46025
A17: FAB-26W-1037 | B17: 1037-BLK | C17: Black | D17: Ordered | E17: 175 | F17: m | G17: 46028
A18: FAB-26W-1037 | B18: 1037-BRD | C18: Burgundy | D18: Ordered | E18: 75 | F18: m | G18: 46069
A19: FAB-26W-1038 | B19: 1038-OLV | C19: Olive | D19: Ordered | E19: 60 | F19: m | G19: 46069
A20: FAB-26W-1038 | B20: 1038-GRY | C20: Grey melange | D20: Ordered | E20: 155 | F20: m | G20: 46039
A21: LEA-26W-1040 | B21: 1040-CHK | C21: Chalk | D21: Lab dip | F21: sqft
A22: LEA-26W-1040 | B22: 1040-BRD | C22: Burgundy | D22: Ordered | E22: 540 | F22: sqft | G22: 46040
A23: LEA-26W-1040 | B23: 1040-NVY | C23: Navy | D23: Ordered | E23: 50 | F23: sqft | G23: 46082
A24: LEA-26W-1040 | B24: 1040-WHT | C24: Optic white | D24: Ordered | E24: 500 | F24: sqft | G24: 46060
A25: LEA-26W-1044 | B25: 1044-OLV | C25: Olive | D25: Ordered | E25: 120 | F25: sqft | G25: 46070
A26: LEA-26W-1044 | B26: 1044-TAN | C26: Tan | D26: Ordered | E26: 270 | F26: sqft | G26: 46044
A27: LEA-26W-1044 | B27: 1044-SKY | C27: Sky blue | D27: Cancelled | F27: sqft
A28: LEA-26W-1044 | B28: 1044-GRN | C28: Bottle green | D28: Cancelled | F28: sqft
A29: LEA-26W-1045 | B29: 1045-YLW | C29: Butter yellow | D29: Ordered | E29: 150 | F29: sqft | G29: 46041
A30: LEA-26W-1045 | B30: 1045-CHC | C30: Chocolate | D30: Ordered | E30: 120 | F30: sqft | G30: 46056
A31: LEA-26W-1046 | B31: 1046-GRY | C31: Grey melange | D31: Lab dip | F31: sqft
A32: FAB-26W-1051 | B32: 1051-OLV | C32: Olive | D32: Cancelled | F32: m
A33: LEA-26W-1053 | B33: 1053-WHT | C33: Optic white | D33: Ordered | E33: 510 | F33: sqft | G33: 46052
A34: LEA-26W-1053 | B34: 1053-NVY | C34: Navy | D34: Ordered | E34: 220 | F34: sqft | G34: 46061
A35: LEA-26W-1053 | B35: 1053-CML | C35: Camel | D35: Lab dip | F35: sqft
A36: LEA-26W-1053 | B36: 1053-YLW | C36: Butter yellow | D36: Lab dip | F36: sqft
A37: LEA-26W-1053 | B37: 1053-TRC | C37: Terracotta | D37: Ordered | E37: 110 | F37: sqft | G37: 46064
A38: FAB-26W-1057 | B38: 1057-CML | C38: Camel | D38: Ordered | E38: 165 | F38: m | G38: 46029
A39: FAB-26W-1057 | B39: 1057-GRY | C39: Grey melange | D39: Ordered | E39: 45 | F39: m | G39: 46052
A40: FAB-26W-1057 | B40: 1057-GRN | C40: Bottle green | D40: Cancelled | F40: m
A41: FAB-26W-1057 | B41: 1057-TAN | C41: Tan | D41: Cancelled | F41: m
A42: LEA-26W-1061 | B42: 1061-GRY | C42: Grey melange | D42: Ordered | E42: 360 | F42: sqft | G42: 46039
A43: LEA-26W-1061 | B43: 1061-SKY | C43: Sky blue | D43: Ordered | E43: 270 | F43: sqft | G43: 46045
A44: LEA-26W-1063 | B44: 1063-NVY | C44: Navy | D44: Ordered | E44: 360 | F44: sqft | G44: 46066
A45: LEA-26W-1063 | B45: 1063-TRC | C45: Terracotta | D45: Lab dip | F45: sqft
A46: FAB-26W-1064 | B46: 1064-GRY | C46: Grey melange | D46: Lab dip | F46: m
A47: FAB-26W-1064 | B47: 1064-PNK | C47: Dusty pink | D47: Ordered | E47: 150 | F47: m | G47: 46008
A48: FAB-26W-1064 | B48: 1064-SKY | C48: Sky blue | D48: Lab dip | F48: m
A49: FAB-26W-1064 | B49: 1064-YLW | C49: Butter yellow | D49: Ordered | E49: 80 | F49: m | G49: 46025
A50: FAB-26W-1064 | B50: 1064-WHT | C50: Optic white | D50: Cancelled | F50: m
A51: FAB-26W-1064 | B51: 1064-NVY | C51: Navy | D51: Ordered | E51: 135 | F51: m | G51: 46067
A52: FAB-26W-1067 | B52: 1067-BLK | C52: Black | D52: Ordered | E52: 135 | F52: m | G52: 46082
A53: FAB-26W-1067 | B53: 1067-BRD | C53: Burgundy | D53: Ordered | E53: 90 | F53: m | G53: 46051
A54: FAB-26W-1067 | B54: 1067-ECR | C54: Ecru | D54: Ordered | E54: 150 | F54: m | G54: 46075
A55: FAB-26W-1069 | B55: 1069-GRY | C55: Grey melange | D55: Ordered | E55: 20 | F55: m | G55: 46041
A56: FAB-26W-1069 | B56: 1069-GRN | C56: Bottle green | D56: Lab dip | F56: m
A57: FAB-26W-1069 | B57: 1069-CHC | C57: Chocolate | D57: Lab dip | F57: m
A58: LEA-26W-1075 | B58: 1075-NVY | C58: Navy | D58: Ordered | E58: 350 | F58: sqft | G58: 46040
A59: FAB-26W-1081 | B59: 1081-YLW | C59: Butter yellow | D59: Ordered | E59: 140 | F59: m | G59: 46019
A60: FAB-26W-1081 | B60: 1081-GRY | C60: Grey melange | D60: Ordered | E60: 100 | F60: m | G60: 45992
A61: LEA-26W-1082 | B61: 1082-YLW | C61: Butter yellow | D61: Ordered | E61: 550 | F61: sqft | G61: 46041
A62: LEA-26W-1082 | B62: 1082-NVY | C62: Navy | D62: Ordered | E62: 570 | F62: sqft | G62: 46039
A63: LEA-26W-1082 | B63: 1082-CML | C63: Camel | D63: Lab dip | F63: sqft
A64: LEA-26W-1082 | B64: 1082-WHT | C64: Optic white | D64: Ordered | E64: 100 | F64: sqft | G64: 46061
A65: LEA-26W-1089 | B65: 1089-SKY | C65: Sky blue | D65: Ordered | E65: 180 | F65: sqft | G65: 46076
A66: FAB-26W-1092 | B66: 1092-YLW | C66: Butter yellow | D66: Ordered | E66: 180 | F66: m | G66: 46076
A67: FAB-26W-1092 | B67: 1092-CHK | C67: Chalk | D67: Cancelled | F67: m
A68: YRN-26W-1097 | B68: 1097-NVY | C68: Navy | D68: Cancelled | F68: kg
A69: YRN-26W-1097 | B69: 1097-YLW | C69: Butter yellow | D69: Lab dip | F69: kg
A70: YRN-26W-1097 | B70: 1097-OLV | C70: Olive | D70: Ordered | E70: 175 | F70: kg | G70: 46081
A71: YRN-26W-1097 | B71: 1097-CHK | C71: Chalk | D71: Ordered | E71: 200 | F71: kg | G71: 46031
A72: YRN-26W-1097 | B72: 1097-PNK | C72: Dusty pink | D72: Ordered | E72: 140 | F72: kg | G72: 46045
A73: LEA-26W-1103 | B73: 1103-TAN | C73: Tan | D73: Ordered | E73: 580 | F73: sqft | G73: 46019
A74: LEA-26W-1103 | B74: 1103-OLV | C74: Olive | D74: Cancelled | F74: sqft
A75: LEA-26W-1103 | B75: 1103-CML | C75: Camel | D75: Ordered | E75: 500 | F75: sqft | G75: 46058
A76: FAB-26W-1110 | B76: 1110-CML | C76: Camel | D76: Ordered | E76: 10 | F76: m | G76: 46030
A77: FAB-26W-1110 | B77: 1110-BRD | C77: Burgundy | D77: Ordered | E77: 55 | F77: m | G77: 46026
A78: FAB-26W-1110 | B78: 1110-CHC | C78: Chocolate | D78: Ordered | E78: 160 | F78: m | G78: 46029
A79: FAB-26W-1114 | B79: 1114-NVY | C79: Navy | D79: Cancelled | F79: m
A80: FAB-26W-1114 | B80: 1114-OLV | C80: Olive | D80: Cancelled | F80: m
A81: FAB-26W-1121 | B81: 1121-BRD | C81: Burgundy | D81: Ordered | E81: 45 | F81: m | G81: 46004
A82: FAB-26W-1121 | B82: 1121-CML | C82: Camel | D82: Ordered | E82: 115 | F82: m | G82: 45990
A83: FAB-26W-1121 | B83: 1121-OLV | C83: Olive | D83: Lab dip | F83: m
A84: FAB-26W-1121 | B84: 1121-GRN | C84: Bottle green | D84: Ordered | E84: 40 | F84: m | G84: 45998
A85: LEA-26W-1128 | B85: 1128-BLK | C85: Black | D85: Ordered | E85: 390 | F85: sqft | G85: 46062
A86: LEA-26W-1128 | B86: 1128-CHK | C86: Chalk | D86: Ordered | E86: 150 | F86: sqft | G86: 46060
A87: LEA-26W-1128 | B87: 1128-GRN | C87: Bottle green | D87: Cancelled | F87: sqft
A88: FAB-26W-1133 | B88: 1133-TAN | C88: Tan | D88: Lab dip | F88: m
A89: FAB-26W-1133 | B89: 1133-CHK | C89: Chalk | D89: Cancelled | F89: m
A90: FAB-26W-1133 | B90: 1133-PNK | C90: Dusty pink | D90: Cancelled | F90: m
A91: LEA-26W-1137 | B91: 1137-CHC | C91: Chocolate | D91: Ordered | E91: 270 | F91: sqft | G91: 46002
A92: LEA-26W-1137 | B92: 1137-OLV | C92: Olive | D92: Ordered | E92: 210 | F92: sqft | G92: 46050
A93: LEA-26W-1137 | B93: 1137-YLW | C93: Butter yellow | D93: Cancelled | F93: sqft
A94: LEA-26W-1137 | B94: 1137-CHK | C94: Chalk | D94: Ordered | E94: 110 | F94: sqft | G94: 46042
A95: LEA-26W-1137 | B95: 1137-BLK | C95: Black | D95: Ordered | E95: 150 | F95: sqft | G95: 46036
A96: LEA-26W-1137 | B96: 1137-ECR | C96: Ecru | D96: Ordered | E96: 440 | F96: sqft | G96: 46031
A97: LEA-26W-1139 | B97: 1139-TAN | C97: Tan | D97: Ordered | E97: 460 | F97: sqft | G97: 45987
A98: LEA-26W-1139 | B98: 1139-TRC | C98: Terracotta | D98: Ordered | E98: 430 | F98: sqft | G98: 45994
A99: LEA-26W-1139 | B99: 1139-BLK | C99: Black | D99: Lab dip | F99: sqft
A100: LEA-26W-1139 | B100: 1139-NVY | C100: Navy | D100: Cancelled | F100: sqft
...

Sheet Styles & SKUs
A1: SKU | B1: Style code | C1: Style name | D1: Gender | E1: Collection | F1: Development stage | G1: Main material code | H1: Colour code | I1: Colour name
A2: S26W0104-CHC | B2: S26W0104 | C2: Cape | D2: Men | E2: FW26 | F2: Fitting 2 | G2: FAB-26W-1001 | H2: 1001-CHC | I2: Chocolate
A3: S26W0108-CHC | B3: S26W0108 | C3: Coat | D3: Women | E3: FW26 | F3: Fitting 3 | G3: FAB-26W-1001 | H3: 1001-CHC | I3: Chocolate
A4: S26W0112-CHC | B4: S26W0112 | C4: Puffer | D4: Women | E4: FW26 | F4: Fitting 2 | G4: FAB-26W-1005 | H4: 1005-CHC | I4: Chocolate
A5: S26W0116-ECR | B5: S26W0116 | C5: Chore jacket | D5: Women | E5: FW26 | F5: Fitting 2 | G5: FAB-26W-1010 | H5: 1010-ECR | I5: Ecru
A6: S26W0118-ECR | B6: S26W0118 | C6: Chore jacket | D6: Women | E6: FW26 | F6: Fitting 3 | G6: FAB-26W-1010 | H6: 1010-ECR | I6: Ecru
A7: S26W0120-ECR | B7: S26W0120 | C7: Slip dress | D7: Women | E7: FW26 | F7: Fitting 2 | G7: FAB-26W-1012 | H7: 1012-ECR | I7: Ecru
A8: S26W0120-WHT | B8: S26W0120 | C8: Slip dress | D8: Women | E8: FW26 | F8: Fitting 2 | G8: FAB-26W-1012 | H8: 1012-WHT | I8: Optic white
A9: S26W0122-CHK | B9: S26W0122 | C9: Trousers | D9: Women | E9: FW26 | F9: Fitting 2 | G9: FAB-26W-1019 | H9: 1019-CHK | I9: Chalk
A10: S26W0124-GRY | B10: S26W0124 | C10: Blazer | D10: Women | E10: FW26 | F10: Fitting 1 | G10: FAB-26W-1019 | H10: 1019-GRY | I10: Grey melange
A11: S26W0124-CHK | B11: S26W0124 | C11: Blazer | D11: Women | E11: FW26 | F11: Fitting 1 | G11: FAB-26W-1019 | H11: 1019-CHK | I11: Chalk
A12: S26W0125-SKY | B12: S26W0125 | C12: Shirt dress | D12: Men | E12: FW26 | F12: Fitting 2 | G12: FAB-26W-1024 | H12: 1024-SKY | I12: Sky blue
... A501: S27S0929-GRN | B501: S27S0929 | C501: Cardigan | D501: Women | E501: SS27 | F501: Fitting 1 | G501: YRN-27S-1818 | H501: 1818-GRN | I501: Bottle green

Sheet Summary
A1: Summary (formulas, updates if you edit the data)
A3: 1. Missing data per field
A4: Field | B4: Empty | C4: TBD / n/a | D4: Total missing | E4: % missing
A5: Description | B5: =COUNTBLANK(Materials!$B$2:$B$221) -> 3 | C5: =COUNTIF(Materials!$B$2:$B$221,"TBD")+COUNTIF(Materials!$B$2:$B$221,"n/a") -> 0 | D5: =B5+C5 -> 3 | E5: =D5/$B$16 -> 0.013636364
A6: Composition | B6: =COUNTBLANK(Materials!$G$2:$G$221) -> 7 | C6: =COUNTIF(Materials!$G$2:$G$221,"TBD")+COUNTIF(Materials!$G$2:$G$221,"n/a") -> 0 | D6: =B6+C6 -> 7 | E6: =D6/$B$16 -> 0.031818182
A7: Weight | B7: =COUNTBLANK(Materials!$H$2:$H$221) -> 24 | C7: =COUNTIF(Materials!$H$2:$H$221,"TBD")+COUNTIF(Materials!$H$2:$H$221,"n/a") -> 0 | D7: =B7+C7 -> 24 | E7: =D7/$B$16 -> 0.10909091
A8: Width / skin size | B8: =COUNTBLANK(Materials!$I$2:$I$221) -> 20 | C8: =COUNTIF(Materials!$I$2:$I$221,"TBD")+COUNTIF(Materials!$I$2:$I$221,"n/a") -> 0 | D8: =B8+C8 -> 20 | E8: =D8/$B$16 -> 0.090909091
A9: Price | B9: =COUNTBLANK(Materials!$J$2:$J$221) -> 37 | C9: =COUNTIF(Materials!$J$2:$J$221,"TBD")+COUNTIF(Materials!$J$2:$J$221,"n/a") -> 24 | D9: =B9+C9 -> 61 | E9: =D9/$B$16 -> 0.27727273
A10: Price unit | B10: =COUNTBLANK(Materials!$L$2:$L$221) -> 6 | C10: =COUNTIF(Materials!$L$2:$L$221,"TBD")+COUNTIF(Materials!$L$2:$L$221,"n/a") -> 0 | D10: =B10+C10 -> 6 | E10: =D10/$B$16 -> 0.027272727
A11: MOQ | B11: =COUNTBLANK(Materials!$M$2:$M$221) -> 20 | C11: =COUNTIF(Materials!$M$2:$M$221,"TBD")+COUNTIF(Materials!$M$2:$M$221,"n/a") -> 15 | D11: =B11+C11 -> 35 | E11: =D11/$B$16 -> 0.15909091
A12: Lead time (wks) | B12: =COUNTBLANK(Materials!$N$2:$N$221) -> 33 | C12: =COUNTIF(Materials!$N$2:$N$221,"TBD")+COUNTIF(Materials!$N$2:$N$221,"n/a") -> 18 | D12: =B12+C12 -> 51 | E12: =D12/$B$16 -> 0.23181818
A13: Country of origin | B13: =COUNTBLANK(Materials!$O$2:$O$221) -> 12 | C13: =COUNTIF(Materials!$O$2:$O$221,"TBD")+COUNTIF(Materials!$O$2:$O$221,"n/a") -> 0 | D13: =B13+C13 -> 12 | E13: =D13/$B$16 -> 0.054545455
A14: Certification | B14: =COUNTBLANK(Materials!$P$2:$P$221) -> 50 | C14: =COUNTIF(Materials!$P$2:$P$221,"TBD")+COUNTIF(Materials!$P$2:$P$221,"n/a") -> 0 | D14: =B14+C14 -> 50 | E14: =D14/$B$16 -> 0.22727273
A16: Materials in export | B16: =COUNTA(Materials!$A$2:$A$221) -> 220
A19: 2. SKUs per development stage
A20: Stage | B20: FW26 | C20: Pre-SS27 | D20: SS27 | E20: Total
A21: Edit | B21: =COUNTIFS('Styles & SKUs'!$F$2:$F$501,$A21,'Styles & SKUs'!$E$2:$E$501,B$20) -> 15 | C21: =COUNTIFS('Styles & SKUs'!$F$2:$F$501,$A21,'Styles & SKUs'!$E$2:$E$501,C$20) -> 25 | D21: =COUNTIFS('Styles & SKUs'!$F$2:$F$501,$A21,'Styles & SKUs'!$E$2:$E$501,D$20) -> 41 | E21: =SUM(B21:D21) -> 81
A22: Fitting 1 | B22: =COUNTIFS('Styles & SKUs'!$F$2:$F$501,$A22,'Styles & SKUs'!$E$2:$E$501,B$20) -> 41 | C22: =COUNTIFS('Styles & SKUs'!$F$2:$F$501,$A22,'Styles & SKUs'!$E$2:$E$501,C$20) -> 28 | D22: =COUNTIFS('Styles & SKUs'!$F$2:$F$501,$A22,'Styles & SKUs'!$E$2:$E$501,D$20) -> 67 | E22: =SUM(B22:D22) -> 136
A23: Fitting 2 | B23: =COUNTIFS('Styles & SKUs'!$F$2:$F$501,$A23,'Styles & SKUs'!$E$2:$E$501,B$20) -> 38 | C23: =COUNTIFS('Styles & SKUs'!$F$2:$F$501,$A23,'Styles & SKUs'!$E$2:$E$501,C$20) -> 51 | D23: =COUNTIFS('Styles & SKUs'!$F$2:$F$501,$A23,'Styles & SKUs'!$E$2:$E$501,D$20) -> 67 | E23: =SUM(B23:D23) -> 156
A24: Fitting 3 | B24: =COUNTIFS('Styles & SKUs'!$F$2:$F$501,$A24,'Styles & SKUs'!$E$2:$E$501,B$20) -> 12 | C24: =COUNTIFS('Styles & SKUs'!$F$2:$F$501,$A24,'Styles & SKUs'!$E$2:$E$501,C$20) -> 14 | D24: =COUNTIFS('Styles & SKUs'!$F$2:$F$501,$A24,'Styles & SKUs'!$E$2:$E$501,D$20) -> 34 | E24: =SUM(B24:D24) -> 60
A25: Dropped | B25: =COUNTIFS('Styles & SKUs'!$F$2:$F$501,$A25,'Styles & SKUs'!$E$2:$E$501,B$20) -> 12 | C25: =COUNTIFS('Styles & SKUs'!$F$2:$F$501,$A25,'Styles & SKUs'!$E$2:$E$501,C$20) -> 12 | D25: =COUNTIFS('Styles & SKUs'!$F$2:$F$501,$A25,'Styles & SKUs'!$E$2:$E$501,D$20) -> 43 | E25: =SUM(B25:D25) -> 67
A26: Total SKUs | B26: =SUM(B21:B25) -> 118 | C26: =SUM(C21:C25) -> 130 | D26: =SUM(D21:D25) -> 252 | E26: =SUM(E21:E25) -> 500
A29: 3. Colours ordered per fabric
A30: Colours ordered | B30: Materials | C30: % of materials
A31: 0 | B31: =COUNTIFS(Materials!$V$2:$V$221,">=0",Materials!$V$2:$V$221,"<=0") -> 22 | C31: =B31/SUM($B$31:$B$35) -> 0.1
A32: 1 | B32: =COUNTIFS(Materials!$V$2:$V$221,">=1",Materials!$V$2:$V$221,"<=1") -> 72 | C32: =B32/SUM($B$31:$B$35) -> 0.32727273
A33: 2 | B33: =COUNTIFS(Materials!$V$2:$V$221,">=2",Materials!$V$2:$V$221,"<=2") -> 48 | C33: =B33/SUM($B$31:$B$35) -> 0.21818182
A34: 3–4 | B34: =COUNTIFS(Materials!$V$2:$V$221,">=3",Materials!$V$2:$V$221,"<=4") -> 66 | C34: =B34/SUM($B$31:$B$35) -> 0.3
A35: 5 or more | B35: =COUNTIFS(Materials!$V$2:$V$221,">=5",Materials!$V$2:$V$221,"<=99") -> 12 | C35: =B35/SUM($B$31:$B$35) -> 0.054545455
A36: Avg colours ordered per material | B36: =AVERAGE(Materials!$V$2:$V$221) -> 2.0545455
A37: Counts colours with status "Ordered" (column "Colours ordered (calc)" on the Materials sheet).

Sheet Read me
A1: SAMPLE PLM DATA – INVENTED
A3: What this is | B3: Fake data shaped like a PLM material export, for testing the prototypes. Every supplier, code, price and quantity is invented. Nothing comes from Loewe systems.
A4: Materials | B4: 220 materials across FW26, Pre-SS27 and SS27. Some fields are left empty, "TBD" or "n/a" on purpose (most often Price, Lead time, Certification and MOQ). Empty cells are highlighted in pink. Keep this as the first sheet: PLM Data Health reads the first sheet of the file.
A5: Colours | B5: 741 colour lines linked to materials by Material code. Status is Ordered, Lab dip or Cancelled; quantity only for Ordered colours.
A6: Styles & SKUs | B6: 500 SKUs (style + colour) with their development stage (Edit, Fitting 1, Fitting 2, Fitting 3, Dropped), linked to the main material and colour codes.
A7: Summary | B7: Formulas that recalculate: % missing per field, SKUs per stage and collection, and colours ordered per fabric.
A8: Composition codes | B8: Textile codes as used on labels: WV wool, WM mohair, WS cashmere, WO wool, CO cotton, SE silk, CV viscose, LI linen, PA polyamide, PES polyester, EA elastane, PU polyurethane.
A9: How to use it | B9: Open PLM Data Health, click "Load PLM export" and pick this file. Comments is often empty on purpose, so the tool skips it by default (turn it back on under "Columns checked").
